--
-- PostgreSQL database dump
--

-- Dumped from database version 10.19 (Ubuntu 10.19-0ubuntu0.18.04.1)
-- Dumped by pg_dump version 10.19 (Ubuntu 10.19-0ubuntu0.18.04.1)

-- Started on 2021-11-19 15:04:59 +04

SET statement_timeout = 0;
SET lock_timeout = 0;
SET idle_in_transaction_session_timeout = 0;
SET client_encoding = 'UTF8';
SET standard_conforming_strings = on;
SELECT pg_catalog.set_config('search_path', '', false);
SET check_function_bodies = false;
SET xmloption = content;
SET client_min_messages = warning;
SET row_security = off;

ALTER TABLE ONLY public.carte_bancaire DROP CONSTRAINT fkqt51kotyrwi68q72gyssfx72n;
ALTER TABLE ONLY public.compte_bancaire_operations DROP CONSTRAINT fkg75at5e3wkv95m6mgt28dcunp;
ALTER TABLE ONLY public.compte_bancaire DROP CONSTRAINT fkbwtlktbulne1704o9686j4ss0;
ALTER TABLE ONLY public.carte_bancaire DROP CONSTRAINT fkbvbxghky5h6jcyv3jcn259wyf;
ALTER TABLE ONLY public.carte_bancaire DROP CONSTRAINT fk9fqnbax1ksjfwtuua0kq4jo87;
ALTER TABLE ONLY public.compte_bancaire DROP CONSTRAINT fk66hy7636ji95xhoa4o97rw1ts;
ALTER TABLE ONLY public.compte_bancaire_operations DROP CONSTRAINT fk4d3mcgqbbgsxt143dnvrl61lb;
ALTER TABLE ONLY public.compte_bancaire_operations DROP CONSTRAINT uk_owq8j1022tayfl6o7eng4777s;
ALTER TABLE ONLY public.banque DROP CONSTRAINT uk_3plaldnuw3rekjd003qd1m57p;
ALTER TABLE ONLY public.personne DROP CONSTRAINT personne_pkey;
ALTER TABLE ONLY public.operation DROP CONSTRAINT operation_pkey;
ALTER TABLE ONLY public.compte_bancaire DROP CONSTRAINT compte_bancaire_pkey;
ALTER TABLE ONLY public.carte_bancaire DROP CONSTRAINT carte_bancaire_pkey;
ALTER TABLE ONLY public.banque DROP CONSTRAINT banque_pkey;
DROP TABLE public.personne;
DROP TABLE public.operation;
DROP TABLE public.compte_bancaire_operations;
DROP TABLE public.compte_bancaire;
DROP TABLE public.carte_bancaire;
DROP TABLE public.banque;
DROP EXTENSION plpgsql;
DROP SCHEMA public;
--
-- TOC entry 7 (class 2615 OID 16845)
-- Name: public; Type: SCHEMA; Schema: -; Owner: postgres
--

CREATE SCHEMA public;


ALTER SCHEMA public OWNER TO postgres;

--
-- TOC entry 2969 (class 0 OID 0)
-- Dependencies: 7
-- Name: SCHEMA public; Type: COMMENT; Schema: -; Owner: postgres
--

COMMENT ON SCHEMA public IS 'standard public schema';


--
-- TOC entry 1 (class 3079 OID 16846)
-- Name: plpgsql; Type: EXTENSION; Schema: -; Owner: 
--

CREATE EXTENSION IF NOT EXISTS plpgsql WITH SCHEMA pg_catalog;


--
-- TOC entry 2970 (class 0 OID 0)
-- Dependencies: 1
-- Name: EXTENSION plpgsql; Type: COMMENT; Schema: -; Owner: 
--

COMMENT ON EXTENSION plpgsql IS 'PL/pgSQL procedural language';


SET default_tablespace = '';

SET default_with_oids = false;

--
-- TOC entry 196 (class 1259 OID 17005)
-- Name: banque; Type: TABLE; Schema: public; Owner: frozar
--

CREATE TABLE public.banque (
    id uuid NOT NULL,
    code_banque character varying(255),
    numero_compte integer NOT NULL
);


ALTER TABLE public.banque OWNER TO frozar;

--
-- TOC entry 197 (class 1259 OID 17010)
-- Name: carte_bancaire; Type: TABLE; Schema: public; Owner: frozar
--

CREATE TABLE public.carte_bancaire (
    id uuid NOT NULL,
    code_pin character varying(255),
    date_expiration timestamp without time zone,
    num_carte character varying(255),
    banque_id uuid,
    compte_courant_id uuid,
    titulaire_id uuid
);


ALTER TABLE public.carte_bancaire OWNER TO frozar;

--
-- TOC entry 198 (class 1259 OID 17018)
-- Name: compte_bancaire; Type: TABLE; Schema: public; Owner: frozar
--

CREATE TABLE public.compte_bancaire (
    dtype character varying(31) NOT NULL,
    id uuid NOT NULL,
    cle character varying(255),
    code_banque character varying(255),
    code_guichet character varying(255),
    num_compte character varying(255),
    numero_operation integer NOT NULL,
    solde double precision,
    tx_interet double precision,
    banque_id uuid,
    titulaire_id uuid
);


ALTER TABLE public.compte_bancaire OWNER TO frozar;

--
-- TOC entry 199 (class 1259 OID 17026)
-- Name: compte_bancaire_operations; Type: TABLE; Schema: public; Owner: frozar
--

CREATE TABLE public.compte_bancaire_operations (
    compte_bancaire_id uuid NOT NULL,
    operations_id uuid NOT NULL
);


ALTER TABLE public.compte_bancaire_operations OWNER TO frozar;

--
-- TOC entry 200 (class 1259 OID 17029)
-- Name: operation; Type: TABLE; Schema: public; Owner: frozar
--

CREATE TABLE public.operation (
    id uuid NOT NULL,
    date_operation timestamp without time zone,
    libelle character varying(255),
    montant double precision,
    num_operation integer
);


ALTER TABLE public.operation OWNER TO frozar;

--
-- TOC entry 201 (class 1259 OID 17034)
-- Name: personne; Type: TABLE; Schema: public; Owner: frozar
--

CREATE TABLE public.personne (
    id uuid NOT NULL,
    nom character varying(255),
    prenom character varying(255)
);


ALTER TABLE public.personne OWNER TO frozar;

--
-- TOC entry 2957 (class 0 OID 17005)
-- Dependencies: 196
-- Data for Name: banque; Type: TABLE DATA; Schema: public; Owner: frozar
--

INSERT INTO public.banque VALUES ('f47c0675-dbce-4777-bcd8-8b7b0c9ba14f', 'DGFIP', 4);


--
-- TOC entry 2958 (class 0 OID 17010)
-- Dependencies: 197
-- Data for Name: carte_bancaire; Type: TABLE DATA; Schema: public; Owner: frozar
--

INSERT INTO public.carte_bancaire VALUES ('71b4ad00-9f7c-4083-b05e-276a97e9faaf', '5613', '2024-11-19 15:03:14.849', '7878 1685 5438 2758', 'f47c0675-dbce-4777-bcd8-8b7b0c9ba14f', 'a76009f8-cfe5-4986-b0ae-64144c06ffe7', '4d59ec5a-3450-4123-aca4-ac924f949479');
INSERT INTO public.carte_bancaire VALUES ('1afa3991-068c-44f0-9289-8bbf1f86db7e', '5613', '2024-11-19 15:03:15.081', '3161 9960 8470 9757', 'f47c0675-dbce-4777-bcd8-8b7b0c9ba14f', '20216a0a-a4c2-49f4-b464-1b29ce15e486', '1abff729-766b-4af8-aade-5fdc38c18db6');


--
-- TOC entry 2959 (class 0 OID 17018)
-- Dependencies: 198
-- Data for Name: compte_bancaire; Type: TABLE DATA; Schema: public; Owner: frozar
--

INSERT INTO public.compte_bancaire VALUES ('CompteEpargne', '4ef3e8a5-0a16-4461-a486-f4983788e175', '99', 'DGFIP', '1234', '0000000002', 1, 3000, 0.0200000000000000004, 'f47c0675-dbce-4777-bcd8-8b7b0c9ba14f', '8eda40a3-6f35-4a30-91e6-5a15740cda88');
INSERT INTO public.compte_bancaire VALUES ('CompteEpargne', '3785a36a-05f2-4dc6-b404-9f1db054635f', '99', 'DGFIP', '5678', '0000000003', 1, 10000, 0.0200000000000000004, 'f47c0675-dbce-4777-bcd8-8b7b0c9ba14f', '15b0bc6c-ed84-4d8e-b90e-6db6729f48bf');
INSERT INTO public.compte_bancaire VALUES ('CompteCourant', 'a76009f8-cfe5-4986-b0ae-64144c06ffe7', '99', 'DGFIP', '1234', '0000000000', 3, 0, NULL, 'f47c0675-dbce-4777-bcd8-8b7b0c9ba14f', '4d59ec5a-3450-4123-aca4-ac924f949479');
INSERT INTO public.compte_bancaire VALUES ('CompteCourant', '20216a0a-a4c2-49f4-b464-1b29ce15e486', '99', 'DGFIP', '5678', '0000000001', 3, 0, NULL, 'f47c0675-dbce-4777-bcd8-8b7b0c9ba14f', '1abff729-766b-4af8-aade-5fdc38c18db6');


--
-- TOC entry 2960 (class 0 OID 17026)
-- Dependencies: 199
-- Data for Name: compte_bancaire_operations; Type: TABLE DATA; Schema: public; Owner: frozar
--

INSERT INTO public.compte_bancaire_operations VALUES ('a76009f8-cfe5-4986-b0ae-64144c06ffe7', 'c4181503-cce9-4245-89f2-c59de155920a');
INSERT INTO public.compte_bancaire_operations VALUES ('a76009f8-cfe5-4986-b0ae-64144c06ffe7', '5e22157c-fd47-4787-8ccf-45a2c0142347');
INSERT INTO public.compte_bancaire_operations VALUES ('20216a0a-a4c2-49f4-b464-1b29ce15e486', 'd1cdfac5-08dd-4ca3-ba8d-e8aebc772e87');
INSERT INTO public.compte_bancaire_operations VALUES ('20216a0a-a4c2-49f4-b464-1b29ce15e486', 'e3fe1669-b112-4c87-88d8-9a2d516c4bd7');


--
-- TOC entry 2961 (class 0 OID 17029)
-- Dependencies: 200
-- Data for Name: operation; Type: TABLE DATA; Schema: public; Owner: frozar
--

INSERT INTO public.operation VALUES ('c4181503-cce9-4245-89f2-c59de155920a', '2021-11-19 15:03:14.715', 'Dépôt chèque', 100, 1);
INSERT INTO public.operation VALUES ('d1cdfac5-08dd-4ca3-ba8d-e8aebc772e87', '2021-11-19 15:03:14.745', 'Dépôt espèces', 200, 1);
INSERT INTO public.operation VALUES ('5e22157c-fd47-4787-8ccf-45a2c0142347', '2021-11-19 15:03:14.761', 'Débit', -50, 2);
INSERT INTO public.operation VALUES ('e3fe1669-b112-4c87-88d8-9a2d516c4bd7', '2021-11-19 15:03:14.775', 'Débit', -300, 2);
INSERT INTO public.operation VALUES ('009f4a5c-135d-4248-af45-84f633855eac', '2021-11-19 15:03:14.822', 'Dépôt', 1000, 1);
INSERT INTO public.operation VALUES ('7306f917-8e3f-4419-972d-85c33ff10185', '2021-11-19 15:03:15.207', 'Retrait gabier', -314, 3);


--
-- TOC entry 2962 (class 0 OID 17034)
-- Dependencies: 201
-- Data for Name: personne; Type: TABLE DATA; Schema: public; Owner: frozar
--

INSERT INTO public.personne VALUES ('4d59ec5a-3450-4123-aca4-ac924f949479', 'Blanchard', 'Paulette');
INSERT INTO public.personne VALUES ('1abff729-766b-4af8-aade-5fdc38c18db6', 'Guibert', 'Dominique');
INSERT INTO public.personne VALUES ('8eda40a3-6f35-4a30-91e6-5a15740cda88', 'Guillou', 'Thibault');
INSERT INTO public.personne VALUES ('15b0bc6c-ed84-4d8e-b90e-6db6729f48bf', 'Labbe', 'André');


--
-- TOC entry 2816 (class 2606 OID 17009)
-- Name: banque banque_pkey; Type: CONSTRAINT; Schema: public; Owner: frozar
--

ALTER TABLE ONLY public.banque
    ADD CONSTRAINT banque_pkey PRIMARY KEY (id);


--
-- TOC entry 2820 (class 2606 OID 17017)
-- Name: carte_bancaire carte_bancaire_pkey; Type: CONSTRAINT; Schema: public; Owner: frozar
--

ALTER TABLE ONLY public.carte_bancaire
    ADD CONSTRAINT carte_bancaire_pkey PRIMARY KEY (id);


--
-- TOC entry 2822 (class 2606 OID 17025)
-- Name: compte_bancaire compte_bancaire_pkey; Type: CONSTRAINT; Schema: public; Owner: frozar
--

ALTER TABLE ONLY public.compte_bancaire
    ADD CONSTRAINT compte_bancaire_pkey PRIMARY KEY (id);


--
-- TOC entry 2826 (class 2606 OID 17033)
-- Name: operation operation_pkey; Type: CONSTRAINT; Schema: public; Owner: frozar
--

ALTER TABLE ONLY public.operation
    ADD CONSTRAINT operation_pkey PRIMARY KEY (id);


--
-- TOC entry 2828 (class 2606 OID 17041)
-- Name: personne personne_pkey; Type: CONSTRAINT; Schema: public; Owner: frozar
--

ALTER TABLE ONLY public.personne
    ADD CONSTRAINT personne_pkey PRIMARY KEY (id);


--
-- TOC entry 2818 (class 2606 OID 17043)
-- Name: banque uk_3plaldnuw3rekjd003qd1m57p; Type: CONSTRAINT; Schema: public; Owner: frozar
--

ALTER TABLE ONLY public.banque
    ADD CONSTRAINT uk_3plaldnuw3rekjd003qd1m57p UNIQUE (code_banque);


--
-- TOC entry 2824 (class 2606 OID 17045)
-- Name: compte_bancaire_operations uk_owq8j1022tayfl6o7eng4777s; Type: CONSTRAINT; Schema: public; Owner: frozar
--

ALTER TABLE ONLY public.compte_bancaire_operations
    ADD CONSTRAINT uk_owq8j1022tayfl6o7eng4777s UNIQUE (operations_id);


--
-- TOC entry 2834 (class 2606 OID 17071)
-- Name: compte_bancaire_operations fk4d3mcgqbbgsxt143dnvrl61lb; Type: FK CONSTRAINT; Schema: public; Owner: frozar
--

ALTER TABLE ONLY public.compte_bancaire_operations
    ADD CONSTRAINT fk4d3mcgqbbgsxt143dnvrl61lb FOREIGN KEY (operations_id) REFERENCES public.operation(id);


--
-- TOC entry 2833 (class 2606 OID 17066)
-- Name: compte_bancaire fk66hy7636ji95xhoa4o97rw1ts; Type: FK CONSTRAINT; Schema: public; Owner: frozar
--

ALTER TABLE ONLY public.compte_bancaire
    ADD CONSTRAINT fk66hy7636ji95xhoa4o97rw1ts FOREIGN KEY (titulaire_id) REFERENCES public.personne(id);


--
-- TOC entry 2829 (class 2606 OID 17046)
-- Name: carte_bancaire fk9fqnbax1ksjfwtuua0kq4jo87; Type: FK CONSTRAINT; Schema: public; Owner: frozar
--

ALTER TABLE ONLY public.carte_bancaire
    ADD CONSTRAINT fk9fqnbax1ksjfwtuua0kq4jo87 FOREIGN KEY (banque_id) REFERENCES public.banque(id);


--
-- TOC entry 2831 (class 2606 OID 17056)
-- Name: carte_bancaire fkbvbxghky5h6jcyv3jcn259wyf; Type: FK CONSTRAINT; Schema: public; Owner: frozar
--

ALTER TABLE ONLY public.carte_bancaire
    ADD CONSTRAINT fkbvbxghky5h6jcyv3jcn259wyf FOREIGN KEY (titulaire_id) REFERENCES public.personne(id);


--
-- TOC entry 2832 (class 2606 OID 17061)
-- Name: compte_bancaire fkbwtlktbulne1704o9686j4ss0; Type: FK CONSTRAINT; Schema: public; Owner: frozar
--

ALTER TABLE ONLY public.compte_bancaire
    ADD CONSTRAINT fkbwtlktbulne1704o9686j4ss0 FOREIGN KEY (banque_id) REFERENCES public.banque(id);


--
-- TOC entry 2835 (class 2606 OID 17076)
-- Name: compte_bancaire_operations fkg75at5e3wkv95m6mgt28dcunp; Type: FK CONSTRAINT; Schema: public; Owner: frozar
--

ALTER TABLE ONLY public.compte_bancaire_operations
    ADD CONSTRAINT fkg75at5e3wkv95m6mgt28dcunp FOREIGN KEY (compte_bancaire_id) REFERENCES public.compte_bancaire(id);


--
-- TOC entry 2830 (class 2606 OID 17051)
-- Name: carte_bancaire fkqt51kotyrwi68q72gyssfx72n; Type: FK CONSTRAINT; Schema: public; Owner: frozar
--

ALTER TABLE ONLY public.carte_bancaire
    ADD CONSTRAINT fkqt51kotyrwi68q72gyssfx72n FOREIGN KEY (compte_courant_id) REFERENCES public.compte_bancaire(id);


-- Completed on 2021-11-19 15:04:59 +04

--
-- PostgreSQL database dump complete
--

