--
-- PostgreSQL database dump
--

-- Dumped from database version 10.19 (Ubuntu 10.19-0ubuntu0.18.04.1)
-- Dumped by pg_dump version 10.19 (Ubuntu 10.19-0ubuntu0.18.04.1)

-- Started on 2021-11-19 13:09:00 +04

SET statement_timeout = 0;
SET lock_timeout = 0;
SET idle_in_transaction_session_timeout = 0;
SET client_encoding = 'UTF8';
SET standard_conforming_strings = on;
SELECT pg_catalog.set_config('search_path', '', false);
SET check_function_bodies = false;
SET xmloption = content;
SET client_min_messages = warning;
SET row_security = off;

--
-- TOC entry 1 (class 3079 OID 13049)
-- Name: plpgsql; Type: EXTENSION; Schema: -; Owner: 
--

CREATE EXTENSION IF NOT EXISTS plpgsql WITH SCHEMA pg_catalog;


--
-- TOC entry 2970 (class 0 OID 0)
-- Dependencies: 1
-- Name: EXTENSION plpgsql; Type: COMMENT; Schema: -; Owner: 
--

COMMENT ON EXTENSION plpgsql IS 'PL/pgSQL procedural language';


SET default_tablespace = '';

SET default_with_oids = false;

--
-- TOC entry 196 (class 1259 OID 16386)
-- Name: banque; Type: TABLE; Schema: public; Owner: frozar
--

CREATE TABLE public.banque (
    id uuid NOT NULL,
    code_banque character varying(255),
    numero_compte integer NOT NULL
);


ALTER TABLE public.banque OWNER TO frozar;

--
-- TOC entry 197 (class 1259 OID 16391)
-- Name: carte_bancaire; Type: TABLE; Schema: public; Owner: frozar
--

CREATE TABLE public.carte_bancaire (
    id uuid NOT NULL,
    code_pin character varying(255),
    date_expiration timestamp without time zone,
    num_carte character varying(255),
    banque_id uuid,
    compte_courant_id uuid,
    titulaire_id uuid
);


ALTER TABLE public.carte_bancaire OWNER TO frozar;

--
-- TOC entry 198 (class 1259 OID 16399)
-- Name: compte_bancaire; Type: TABLE; Schema: public; Owner: frozar
--

CREATE TABLE public.compte_bancaire (
    dtype character varying(31) NOT NULL,
    id uuid NOT NULL,
    cle character varying(255),
    code_banque character varying(255),
    code_guichet character varying(255),
    num_compte character varying(255),
    numero_operation integer NOT NULL,
    solde double precision,
    tx_interet double precision,
    banque_id uuid,
    titulaire_id uuid
);


ALTER TABLE public.compte_bancaire OWNER TO frozar;

--
-- TOC entry 199 (class 1259 OID 16407)
-- Name: compte_bancaire_operations; Type: TABLE; Schema: public; Owner: frozar
--

CREATE TABLE public.compte_bancaire_operations (
    compte_bancaire_id uuid NOT NULL,
    operations_id uuid NOT NULL
);


ALTER TABLE public.compte_bancaire_operations OWNER TO frozar;

--
-- TOC entry 200 (class 1259 OID 16410)
-- Name: operation; Type: TABLE; Schema: public; Owner: frozar
--

CREATE TABLE public.operation (
    id uuid NOT NULL,
    date_operation timestamp without time zone,
    libelle character varying(255),
    montant double precision,
    num_operation integer
);


ALTER TABLE public.operation OWNER TO frozar;

--
-- TOC entry 201 (class 1259 OID 16415)
-- Name: personne; Type: TABLE; Schema: public; Owner: frozar
--

CREATE TABLE public.personne (
    id uuid NOT NULL,
    nom character varying(255),
    prenom character varying(255)
);


ALTER TABLE public.personne OWNER TO frozar;

--
-- TOC entry 2957 (class 0 OID 16386)
-- Dependencies: 196
-- Data for Name: banque; Type: TABLE DATA; Schema: public; Owner: frozar
--

COPY public.banque (id, code_banque, numero_compte) FROM stdin;
a3ab1a8b-b93a-45f8-b185-3f675148033a	DGFIP	4
\.


--
-- TOC entry 2958 (class 0 OID 16391)
-- Dependencies: 197
-- Data for Name: carte_bancaire; Type: TABLE DATA; Schema: public; Owner: frozar
--

COPY public.carte_bancaire (id, code_pin, date_expiration, num_carte, banque_id, compte_courant_id, titulaire_id) FROM stdin;
d13af46a-615b-4da9-81c0-83ad932c192f	5613	2024-11-19 12:50:59.729	6958 7673 9585 8523	a3ab1a8b-b93a-45f8-b185-3f675148033a	d743803a-b0db-4266-9964-2fea42e2f974	e472cc94-9871-458c-8332-13063e5b58fd
7214377a-b8c5-4f61-8939-ea587ea45376	5613	2024-11-19 12:51:00.018	6654 3849 9995 6837	a3ab1a8b-b93a-45f8-b185-3f675148033a	844d94b4-52f1-4c1a-b3c1-692e0c27ad0d	09f88ad1-3d0f-403e-bc67-ed65815c706a
\.


--
-- TOC entry 2959 (class 0 OID 16399)
-- Dependencies: 198
-- Data for Name: compte_bancaire; Type: TABLE DATA; Schema: public; Owner: frozar
--

COPY public.compte_bancaire (dtype, id, cle, code_banque, code_guichet, num_compte, numero_operation, solde, tx_interet, banque_id, titulaire_id) FROM stdin;
CompteEpargne	fab4c5a0-9932-45e1-972d-7922e0fe5bfa	99	DGFIP	1234	0000000002	1	3000	0.0200000000000000004	a3ab1a8b-b93a-45f8-b185-3f675148033a	866bdcf0-d423-4063-88a2-08aa6e7e7741
CompteEpargne	47bbb502-5ef4-4f20-bd22-f0e9906e4bd2	99	DGFIP	5678	0000000003	1	10000	0.0200000000000000004	a3ab1a8b-b93a-45f8-b185-3f675148033a	475e1a73-eddd-43fe-9800-dc2213f22ed9
CompteCourant	d743803a-b0db-4266-9964-2fea42e2f974	99	DGFIP	1234	0000000000	3	0	\N	a3ab1a8b-b93a-45f8-b185-3f675148033a	e472cc94-9871-458c-8332-13063e5b58fd
CompteCourant	844d94b4-52f1-4c1a-b3c1-692e0c27ad0d	99	DGFIP	5678	0000000001	3	0	\N	a3ab1a8b-b93a-45f8-b185-3f675148033a	09f88ad1-3d0f-403e-bc67-ed65815c706a
\.


--
-- TOC entry 2960 (class 0 OID 16407)
-- Dependencies: 199
-- Data for Name: compte_bancaire_operations; Type: TABLE DATA; Schema: public; Owner: frozar
--

COPY public.compte_bancaire_operations (compte_bancaire_id, operations_id) FROM stdin;
d743803a-b0db-4266-9964-2fea42e2f974	517b3f5b-6c2c-4071-9dfb-d6676caf290b
d743803a-b0db-4266-9964-2fea42e2f974	9c7ace4e-8a66-4ec9-afa8-4b99b53609d6
844d94b4-52f1-4c1a-b3c1-692e0c27ad0d	d32fd373-e664-4364-8fc4-cf8db4c16ac8
844d94b4-52f1-4c1a-b3c1-692e0c27ad0d	e0f8e452-be59-4d1c-bf9b-87721384fee3
\.


--
-- TOC entry 2961 (class 0 OID 16410)
-- Dependencies: 200
-- Data for Name: operation; Type: TABLE DATA; Schema: public; Owner: frozar
--

COPY public.operation (id, date_operation, libelle, montant, num_operation) FROM stdin;
517b3f5b-6c2c-4071-9dfb-d6676caf290b	2021-11-19 12:50:59.539	Dépôt chèque	100	1
d32fd373-e664-4364-8fc4-cf8db4c16ac8	2021-11-19 12:50:59.591	Dépôt espèces	200	1
9c7ace4e-8a66-4ec9-afa8-4b99b53609d6	2021-11-19 12:50:59.611	Débit	-50	2
e0f8e452-be59-4d1c-bf9b-87721384fee3	2021-11-19 12:50:59.629	Débit	-300	2
e6765be3-670d-4a4c-8fa4-c49adc6690e8	2021-11-19 12:50:59.669	Dépôt	1000	1
c6316947-6af7-4737-807e-4e4b2b15b3a1	2021-11-19 12:51:00.199	Retrait gabier	-314	3
\.


--
-- TOC entry 2962 (class 0 OID 16415)
-- Dependencies: 201
-- Data for Name: personne; Type: TABLE DATA; Schema: public; Owner: frozar
--

COPY public.personne (id, nom, prenom) FROM stdin;
e472cc94-9871-458c-8332-13063e5b58fd	Blanchard	Paulette
09f88ad1-3d0f-403e-bc67-ed65815c706a	Guibert	Dominique
866bdcf0-d423-4063-88a2-08aa6e7e7741	Guillou	Thibault
475e1a73-eddd-43fe-9800-dc2213f22ed9	Labbe	André
\.


--
-- TOC entry 2816 (class 2606 OID 16390)
-- Name: banque banque_pkey; Type: CONSTRAINT; Schema: public; Owner: frozar
--

ALTER TABLE ONLY public.banque
    ADD CONSTRAINT banque_pkey PRIMARY KEY (id);


--
-- TOC entry 2820 (class 2606 OID 16398)
-- Name: carte_bancaire carte_bancaire_pkey; Type: CONSTRAINT; Schema: public; Owner: frozar
--

ALTER TABLE ONLY public.carte_bancaire
    ADD CONSTRAINT carte_bancaire_pkey PRIMARY KEY (id);


--
-- TOC entry 2822 (class 2606 OID 16406)
-- Name: compte_bancaire compte_bancaire_pkey; Type: CONSTRAINT; Schema: public; Owner: frozar
--

ALTER TABLE ONLY public.compte_bancaire
    ADD CONSTRAINT compte_bancaire_pkey PRIMARY KEY (id);


--
-- TOC entry 2826 (class 2606 OID 16414)
-- Name: operation operation_pkey; Type: CONSTRAINT; Schema: public; Owner: frozar
--

ALTER TABLE ONLY public.operation
    ADD CONSTRAINT operation_pkey PRIMARY KEY (id);


--
-- TOC entry 2828 (class 2606 OID 16422)
-- Name: personne personne_pkey; Type: CONSTRAINT; Schema: public; Owner: frozar
--

ALTER TABLE ONLY public.personne
    ADD CONSTRAINT personne_pkey PRIMARY KEY (id);


--
-- TOC entry 2818 (class 2606 OID 16424)
-- Name: banque uk_3plaldnuw3rekjd003qd1m57p; Type: CONSTRAINT; Schema: public; Owner: frozar
--

ALTER TABLE ONLY public.banque
    ADD CONSTRAINT uk_3plaldnuw3rekjd003qd1m57p UNIQUE (code_banque);


--
-- TOC entry 2824 (class 2606 OID 16426)
-- Name: compte_bancaire_operations uk_owq8j1022tayfl6o7eng4777s; Type: CONSTRAINT; Schema: public; Owner: frozar
--

ALTER TABLE ONLY public.compte_bancaire_operations
    ADD CONSTRAINT uk_owq8j1022tayfl6o7eng4777s UNIQUE (operations_id);


--
-- TOC entry 2834 (class 2606 OID 16452)
-- Name: compte_bancaire_operations fk4d3mcgqbbgsxt143dnvrl61lb; Type: FK CONSTRAINT; Schema: public; Owner: frozar
--

ALTER TABLE ONLY public.compte_bancaire_operations
    ADD CONSTRAINT fk4d3mcgqbbgsxt143dnvrl61lb FOREIGN KEY (operations_id) REFERENCES public.operation(id);


--
-- TOC entry 2833 (class 2606 OID 16447)
-- Name: compte_bancaire fk66hy7636ji95xhoa4o97rw1ts; Type: FK CONSTRAINT; Schema: public; Owner: frozar
--

ALTER TABLE ONLY public.compte_bancaire
    ADD CONSTRAINT fk66hy7636ji95xhoa4o97rw1ts FOREIGN KEY (titulaire_id) REFERENCES public.personne(id);


--
-- TOC entry 2829 (class 2606 OID 16427)
-- Name: carte_bancaire fk9fqnbax1ksjfwtuua0kq4jo87; Type: FK CONSTRAINT; Schema: public; Owner: frozar
--

ALTER TABLE ONLY public.carte_bancaire
    ADD CONSTRAINT fk9fqnbax1ksjfwtuua0kq4jo87 FOREIGN KEY (banque_id) REFERENCES public.banque(id);


--
-- TOC entry 2831 (class 2606 OID 16437)
-- Name: carte_bancaire fkbvbxghky5h6jcyv3jcn259wyf; Type: FK CONSTRAINT; Schema: public; Owner: frozar
--

ALTER TABLE ONLY public.carte_bancaire
    ADD CONSTRAINT fkbvbxghky5h6jcyv3jcn259wyf FOREIGN KEY (titulaire_id) REFERENCES public.personne(id);


--
-- TOC entry 2832 (class 2606 OID 16442)
-- Name: compte_bancaire fkbwtlktbulne1704o9686j4ss0; Type: FK CONSTRAINT; Schema: public; Owner: frozar
--

ALTER TABLE ONLY public.compte_bancaire
    ADD CONSTRAINT fkbwtlktbulne1704o9686j4ss0 FOREIGN KEY (banque_id) REFERENCES public.banque(id);


--
-- TOC entry 2835 (class 2606 OID 16457)
-- Name: compte_bancaire_operations fkg75at5e3wkv95m6mgt28dcunp; Type: FK CONSTRAINT; Schema: public; Owner: frozar
--

ALTER TABLE ONLY public.compte_bancaire_operations
    ADD CONSTRAINT fkg75at5e3wkv95m6mgt28dcunp FOREIGN KEY (compte_bancaire_id) REFERENCES public.compte_bancaire(id);


--
-- TOC entry 2830 (class 2606 OID 16432)
-- Name: carte_bancaire fkqt51kotyrwi68q72gyssfx72n; Type: FK CONSTRAINT; Schema: public; Owner: frozar
--

ALTER TABLE ONLY public.carte_bancaire
    ADD CONSTRAINT fkqt51kotyrwi68q72gyssfx72n FOREIGN KEY (compte_courant_id) REFERENCES public.compte_bancaire(id);


-- Completed on 2021-11-19 13:09:00 +04

--
-- PostgreSQL database dump complete
--

