--
-- PostgreSQL database dump
--

-- Dumped from database version 10.19 (Ubuntu 10.19-0ubuntu0.18.04.1)
-- Dumped by pg_dump version 10.19 (Ubuntu 10.19-0ubuntu0.18.04.1)

-- Started on 2021-11-19 13:26:27 +04

SET statement_timeout = 0;
SET lock_timeout = 0;
SET idle_in_transaction_session_timeout = 0;
SET client_encoding = 'UTF8';
SET standard_conforming_strings = on;
SELECT pg_catalog.set_config('search_path', '', false);
SET check_function_bodies = false;
SET xmloption = content;
SET client_min_messages = warning;
SET row_security = off;

--
-- TOC entry 1 (class 3079 OID 13049)
-- Name: plpgsql; Type: EXTENSION; Schema: -; Owner: 
--

CREATE EXTENSION IF NOT EXISTS plpgsql WITH SCHEMA pg_catalog;


--
-- TOC entry 2970 (class 0 OID 0)
-- Dependencies: 1
-- Name: EXTENSION plpgsql; Type: COMMENT; Schema: -; Owner: 
--

COMMENT ON EXTENSION plpgsql IS 'PL/pgSQL procedural language';


SET default_tablespace = '';

SET default_with_oids = false;

--
-- TOC entry 196 (class 1259 OID 16462)
-- Name: banque; Type: TABLE; Schema: public; Owner: frozar
--

CREATE TABLE public.banque (
    id uuid NOT NULL,
    code_banque character varying(255),
    numero_compte integer NOT NULL
);


ALTER TABLE public.banque OWNER TO frozar;

--
-- TOC entry 197 (class 1259 OID 16467)
-- Name: carte_bancaire; Type: TABLE; Schema: public; Owner: frozar
--

CREATE TABLE public.carte_bancaire (
    id uuid NOT NULL,
    code_pin character varying(255),
    date_expiration timestamp without time zone,
    num_carte character varying(255),
    banque_id uuid,
    compte_courant_id uuid,
    titulaire_id uuid
);


ALTER TABLE public.carte_bancaire OWNER TO frozar;

--
-- TOC entry 198 (class 1259 OID 16475)
-- Name: compte_bancaire; Type: TABLE; Schema: public; Owner: frozar
--

CREATE TABLE public.compte_bancaire (
    dtype character varying(31) NOT NULL,
    id uuid NOT NULL,
    cle character varying(255),
    code_banque character varying(255),
    code_guichet character varying(255),
    num_compte character varying(255),
    numero_operation integer NOT NULL,
    solde double precision,
    tx_interet double precision,
    banque_id uuid,
    titulaire_id uuid
);


ALTER TABLE public.compte_bancaire OWNER TO frozar;

--
-- TOC entry 199 (class 1259 OID 16483)
-- Name: compte_bancaire_operations; Type: TABLE; Schema: public; Owner: frozar
--

CREATE TABLE public.compte_bancaire_operations (
    compte_bancaire_id uuid NOT NULL,
    operations_id uuid NOT NULL
);


ALTER TABLE public.compte_bancaire_operations OWNER TO frozar;

--
-- TOC entry 200 (class 1259 OID 16486)
-- Name: operation; Type: TABLE; Schema: public; Owner: frozar
--

CREATE TABLE public.operation (
    id uuid NOT NULL,
    date_operation timestamp without time zone,
    libelle character varying(255),
    montant double precision,
    num_operation integer
);


ALTER TABLE public.operation OWNER TO frozar;

--
-- TOC entry 201 (class 1259 OID 16491)
-- Name: personne; Type: TABLE; Schema: public; Owner: frozar
--

CREATE TABLE public.personne (
    id uuid NOT NULL,
    nom character varying(255),
    prenom character varying(255)
);


ALTER TABLE public.personne OWNER TO frozar;

--
-- TOC entry 2957 (class 0 OID 16462)
-- Dependencies: 196
-- Data for Name: banque; Type: TABLE DATA; Schema: public; Owner: frozar
--

COPY public.banque (id, code_banque, numero_compte) FROM stdin;
97b8600c-4748-4d0a-bd18-042882ffb7f0	DGFIP	4
\.


--
-- TOC entry 2958 (class 0 OID 16467)
-- Dependencies: 197
-- Data for Name: carte_bancaire; Type: TABLE DATA; Schema: public; Owner: frozar
--

COPY public.carte_bancaire (id, code_pin, date_expiration, num_carte, banque_id, compte_courant_id, titulaire_id) FROM stdin;
a5762cf8-2445-41a0-b2d2-4ab8cec957a2	5613	2024-11-19 13:24:20.197	3790 3442 7881 6082	97b8600c-4748-4d0a-bd18-042882ffb7f0	2423b7f6-bc2e-4e45-b8e5-9bb77656f478	2c2973cf-045a-4561-ac21-31d6f1f4a8a8
4a39ed4d-7f25-43a6-9b83-553f61e46c10	5613	2024-11-19 13:24:20.422	1078 3365 3528 4310	97b8600c-4748-4d0a-bd18-042882ffb7f0	4ade33d8-0281-4890-bc16-033632f882b9	d313f6c0-8985-4a07-b441-31fd6eb8ea67
\.


--
-- TOC entry 2959 (class 0 OID 16475)
-- Dependencies: 198
-- Data for Name: compte_bancaire; Type: TABLE DATA; Schema: public; Owner: frozar
--

COPY public.compte_bancaire (dtype, id, cle, code_banque, code_guichet, num_compte, numero_operation, solde, tx_interet, banque_id, titulaire_id) FROM stdin;
CompteEpargne	ec27166c-cf7f-4db8-85e2-538ebf9342dd	99	DGFIP	1234	0000000002	1	3000	0.0200000000000000004	97b8600c-4748-4d0a-bd18-042882ffb7f0	a6ec0d85-a116-4321-ac30-6eba917e01e9
CompteEpargne	be10cba0-d3ba-4a72-bc1a-c017325a4f30	99	DGFIP	5678	0000000003	1	10000	0.0200000000000000004	97b8600c-4748-4d0a-bd18-042882ffb7f0	0dcb6254-8bc1-4ea2-b30f-5c4ae8935b8d
CompteCourant	2423b7f6-bc2e-4e45-b8e5-9bb77656f478	99	DGFIP	1234	0000000000	3	0	\N	97b8600c-4748-4d0a-bd18-042882ffb7f0	2c2973cf-045a-4561-ac21-31d6f1f4a8a8
CompteCourant	4ade33d8-0281-4890-bc16-033632f882b9	99	DGFIP	5678	0000000001	3	0	\N	97b8600c-4748-4d0a-bd18-042882ffb7f0	d313f6c0-8985-4a07-b441-31fd6eb8ea67
\.


--
-- TOC entry 2960 (class 0 OID 16483)
-- Dependencies: 199
-- Data for Name: compte_bancaire_operations; Type: TABLE DATA; Schema: public; Owner: frozar
--

COPY public.compte_bancaire_operations (compte_bancaire_id, operations_id) FROM stdin;
2423b7f6-bc2e-4e45-b8e5-9bb77656f478	94bc4fbb-904f-4e93-88b1-fdc846a4cd1d
2423b7f6-bc2e-4e45-b8e5-9bb77656f478	e28f4ee3-c7dc-471d-af8a-3afc17b288aa
4ade33d8-0281-4890-bc16-033632f882b9	675a727b-0d18-4e9a-a5cf-db362bc73b66
4ade33d8-0281-4890-bc16-033632f882b9	38046e6b-4c00-432c-82f6-8034b3d50c52
\.


--
-- TOC entry 2961 (class 0 OID 16486)
-- Dependencies: 200
-- Data for Name: operation; Type: TABLE DATA; Schema: public; Owner: frozar
--

COPY public.operation (id, date_operation, libelle, montant, num_operation) FROM stdin;
94bc4fbb-904f-4e93-88b1-fdc846a4cd1d	2021-11-19 13:24:20.112	Dépôt chèque	100	1
675a727b-0d18-4e9a-a5cf-db362bc73b66	2021-11-19 13:24:20.141	Dépôt espèces	200	1
e28f4ee3-c7dc-471d-af8a-3afc17b288aa	2021-11-19 13:24:20.149	Débit	-50	2
38046e6b-4c00-432c-82f6-8034b3d50c52	2021-11-19 13:24:20.154	Débit	-300	2
475095b8-21a3-41dd-b88a-6779a4dd1763	2021-11-19 13:24:20.176	Dépôt	1000	1
769ce297-f39b-4ff8-92fe-b6b0184f507f	2021-11-19 13:24:20.582	Retrait gabier	-314	3
\.


--
-- TOC entry 2962 (class 0 OID 16491)
-- Dependencies: 201
-- Data for Name: personne; Type: TABLE DATA; Schema: public; Owner: frozar
--

COPY public.personne (id, nom, prenom) FROM stdin;
2c2973cf-045a-4561-ac21-31d6f1f4a8a8	Blanchard	Paulette
d313f6c0-8985-4a07-b441-31fd6eb8ea67	Guibert	Dominique
a6ec0d85-a116-4321-ac30-6eba917e01e9	Guillou	Thibault
0dcb6254-8bc1-4ea2-b30f-5c4ae8935b8d	Labbe	André
\.


--
-- TOC entry 2816 (class 2606 OID 16466)
-- Name: banque banque_pkey; Type: CONSTRAINT; Schema: public; Owner: frozar
--

ALTER TABLE ONLY public.banque
    ADD CONSTRAINT banque_pkey PRIMARY KEY (id);


--
-- TOC entry 2820 (class 2606 OID 16474)
-- Name: carte_bancaire carte_bancaire_pkey; Type: CONSTRAINT; Schema: public; Owner: frozar
--

ALTER TABLE ONLY public.carte_bancaire
    ADD CONSTRAINT carte_bancaire_pkey PRIMARY KEY (id);


--
-- TOC entry 2822 (class 2606 OID 16482)
-- Name: compte_bancaire compte_bancaire_pkey; Type: CONSTRAINT; Schema: public; Owner: frozar
--

ALTER TABLE ONLY public.compte_bancaire
    ADD CONSTRAINT compte_bancaire_pkey PRIMARY KEY (id);


--
-- TOC entry 2826 (class 2606 OID 16490)
-- Name: operation operation_pkey; Type: CONSTRAINT; Schema: public; Owner: frozar
--

ALTER TABLE ONLY public.operation
    ADD CONSTRAINT operation_pkey PRIMARY KEY (id);


--
-- TOC entry 2828 (class 2606 OID 16498)
-- Name: personne personne_pkey; Type: CONSTRAINT; Schema: public; Owner: frozar
--

ALTER TABLE ONLY public.personne
    ADD CONSTRAINT personne_pkey PRIMARY KEY (id);


--
-- TOC entry 2818 (class 2606 OID 16500)
-- Name: banque uk_3plaldnuw3rekjd003qd1m57p; Type: CONSTRAINT; Schema: public; Owner: frozar
--

ALTER TABLE ONLY public.banque
    ADD CONSTRAINT uk_3plaldnuw3rekjd003qd1m57p UNIQUE (code_banque);


--
-- TOC entry 2824 (class 2606 OID 16502)
-- Name: compte_bancaire_operations uk_owq8j1022tayfl6o7eng4777s; Type: CONSTRAINT; Schema: public; Owner: frozar
--

ALTER TABLE ONLY public.compte_bancaire_operations
    ADD CONSTRAINT uk_owq8j1022tayfl6o7eng4777s UNIQUE (operations_id);


--
-- TOC entry 2834 (class 2606 OID 16528)
-- Name: compte_bancaire_operations fk4d3mcgqbbgsxt143dnvrl61lb; Type: FK CONSTRAINT; Schema: public; Owner: frozar
--

ALTER TABLE ONLY public.compte_bancaire_operations
    ADD CONSTRAINT fk4d3mcgqbbgsxt143dnvrl61lb FOREIGN KEY (operations_id) REFERENCES public.operation(id);


--
-- TOC entry 2833 (class 2606 OID 16523)
-- Name: compte_bancaire fk66hy7636ji95xhoa4o97rw1ts; Type: FK CONSTRAINT; Schema: public; Owner: frozar
--

ALTER TABLE ONLY public.compte_bancaire
    ADD CONSTRAINT fk66hy7636ji95xhoa4o97rw1ts FOREIGN KEY (titulaire_id) REFERENCES public.personne(id);


--
-- TOC entry 2829 (class 2606 OID 16503)
-- Name: carte_bancaire fk9fqnbax1ksjfwtuua0kq4jo87; Type: FK CONSTRAINT; Schema: public; Owner: frozar
--

ALTER TABLE ONLY public.carte_bancaire
    ADD CONSTRAINT fk9fqnbax1ksjfwtuua0kq4jo87 FOREIGN KEY (banque_id) REFERENCES public.banque(id);


--
-- TOC entry 2831 (class 2606 OID 16513)
-- Name: carte_bancaire fkbvbxghky5h6jcyv3jcn259wyf; Type: FK CONSTRAINT; Schema: public; Owner: frozar
--

ALTER TABLE ONLY public.carte_bancaire
    ADD CONSTRAINT fkbvbxghky5h6jcyv3jcn259wyf FOREIGN KEY (titulaire_id) REFERENCES public.personne(id);


--
-- TOC entry 2832 (class 2606 OID 16518)
-- Name: compte_bancaire fkbwtlktbulne1704o9686j4ss0; Type: FK CONSTRAINT; Schema: public; Owner: frozar
--

ALTER TABLE ONLY public.compte_bancaire
    ADD CONSTRAINT fkbwtlktbulne1704o9686j4ss0 FOREIGN KEY (banque_id) REFERENCES public.banque(id);


--
-- TOC entry 2835 (class 2606 OID 16533)
-- Name: compte_bancaire_operations fkg75at5e3wkv95m6mgt28dcunp; Type: FK CONSTRAINT; Schema: public; Owner: frozar
--

ALTER TABLE ONLY public.compte_bancaire_operations
    ADD CONSTRAINT fkg75at5e3wkv95m6mgt28dcunp FOREIGN KEY (compte_bancaire_id) REFERENCES public.compte_bancaire(id);


--
-- TOC entry 2830 (class 2606 OID 16508)
-- Name: carte_bancaire fkqt51kotyrwi68q72gyssfx72n; Type: FK CONSTRAINT; Schema: public; Owner: frozar
--

ALTER TABLE ONLY public.carte_bancaire
    ADD CONSTRAINT fkqt51kotyrwi68q72gyssfx72n FOREIGN KEY (compte_courant_id) REFERENCES public.compte_bancaire(id);


-- Completed on 2021-11-19 13:26:27 +04

--
-- PostgreSQL database dump complete
--

